{
    "tp": 1025,
    "tn": 0,
    "fp": 0,
    "fn": 7975,
    "acc": 0.11388888888888889,
    "err": 0.8861111111111111,
    "sen": 0.11388888888888889,
    "pre": 1.0,
    "recall": 0.11388888888888889,
    "f1": 0.20448877805486282
}